Max_Corr Dist [m],Range_Corr Dist [m],Min_Corr Speed [km/h],Max_Corr Speed [km/h],Avg_Corr Speed [km/h],Min_Fuel Pres [bar],Max_Fuel Pres [bar],Avg_Fuel Pres [bar],Min_Alias Eng Oil Pres [bar],Max_Alias Eng Oil Pres [bar],Avg_Alias Eng Oil Pres [bar],Min_Alias Eng Oil Temp [°C],Max_Alias Eng Oil Temp [°C],Avg_Alias Eng Oil Temp [°C],Min_Alias Engine Temp [°C],Max_Alias Engine Temp [°C],Avg_Alias Engine Temp [°C],Min_Air Temp Inlet [°C],Max_Air Temp Inlet [°C],Avg_Air Temp Inlet [°C],Min_Battery Voltage [V],Max_Battery Voltage [V],Avg_Battery Voltage [V],Min_Alias Engine RPM [rpm],Max_Alias Engine RPM [rpm],Avg_Alias Engine RPM [rpm],Min_Alias Lambda [LA],Max_Alias Lambda [LA],Avg_Alias Lambda [LA],Min_Susp Pos Variation FL [mm],Max_Susp Pos Variation FL [mm],Avg_Susp Pos Variation FL [mm],Min_Susp Pos Variation FR [mm],Max_Susp Pos Variation FR [mm],Avg_Susp Pos Variation FR [mm],Min_Susp Pos Variation RL [mm],Max_Susp Pos Variation RL [mm],Avg_Susp Pos Variation RL [mm],Min_Susp Pos Variation RR [mm],Max_Susp Pos Variation RR [mm],Avg_Susp Pos Variation RR [mm],Min_Alias Steering Wheel Angle [°],Max_Alias Steering Wheel Angle [°],Avg_Alias Steering Wheel Angle [°],Abs Max_Alias Steering Wheel Angle [°],Min_Alias Wheel Speed FL [km/h],Max_Alias Wheel Speed FL [km/h],Avg_Alias Wheel Speed FL [km/h],Min_Alias Wheel Speed FR [km/h],Max_Alias Wheel Speed FR [km/h],Avg_Alias Wheel Speed FR [km/h],Min_Alias Wheel Speed RR [km/h],Max_Alias Wheel Speed RR [km/h],Avg_Alias Wheel Speed RR [km/h],Min_Alias Wheel Speed RL [km/h],Max_Alias Wheel Speed RL [km/h],Avg_Alias Wheel Speed RL [km/h],Min_Brake Bias [%],Max_Brake Bias [%],Avg_Brake Bias [%],Min_Brake Bias Migration [%],Max_Brake Bias Migration [%],Avg_Brake Bias Migration [%],Min_Alias Brake Pres Front [MPa],Max_Alias Brake Pres Front [MPa],Avg_Alias Brake Pres Front [MPa],Min_Alias Brake Pres Rear [MPa],Max_Alias Brake Pres Rear [MPa],Avg_Alias Brake Pres Rear [MPa],Min_Brake Total Pressure [MPa],Max_Brake Total Pressure [MPa],Avg_Brake Total Pressure [MPa],Min_Alias Throttle Position [%],Max_Alias Throttle Position [%],Avg_Alias Throttle Position [%],Min_Vehicle Balance,Max_Vehicle Balance,Avg_Vehicle Balance,Avg_Brake Pressure Agression [MPa],Avg_Steering Agression KPI,Avg_Stability KPI,Avg_Trail - Braking,Abs Max_Brake Distance [m],Abs Max_Brake Pressure Integral [MPa],Abs Max_Calc Steered Angle,Avg_Coast Factor [%],Avg_Crossing [%],Min_Combined G Force [G],Max_Combined G Force [G],Avg_Combined G Force [G],Min_Grip Factor Brake [G],Max_Grip Factor Brake [G],Avg_Grip Factor Brake [G],Min_Grip Factor Cornering Aero [G],Max_Grip Factor Cornering Aero [G],Avg_Grip Factor Cornering Aero [G],Min_Grip Factor Cornering Mech [G],Max_Grip Factor Cornering Mech [G],Avg_Grip Factor Cornering Mech [G],Min_Grip Factor Overral [G],Max_Grip Factor Overral [G],Avg_Grip Factor Overral [G],Min_Grip Factor Traction [G],Max_Grip Factor Traction [G],Avg_Grip Factor Traction [G],Min_Inverse Corner Radius,Max_Inverse Corner Radius,Avg_Inverse Corner Radius,Min_Inverse Corner Radius Integral,Max_Inverse Corner Radius Integral,Avg_Inverse Corner Radius Integral,Avg_Pressure Rate Front [MPa/s],Abs Max_Pressure Rate Front [MPa/s],Avg_Pressure Rate Rear [MPa/s],Abs Max_Pressure Rate Rear [MPa/s],Min_Roll Dianteiro [°],Max_Roll Dianteiro [°],Min_Roll Traseiro [°],Max_Roll Traseiro [°],Min_Roll Avg [°],Max_Roll Avg [°],Avg_Oversteer (Speed Weighted) [°],Min_Steering Integral  [°],Max_Steering Integral  [°],Avg_Steering Integral  [°],Min_Alias Wheel Load FL [kgf],Max_Alias Wheel Load FL [kgf],Avg_Alias Wheel Load FL [kgf],Min_Alias Wheel Load FR [kgf],Max_Alias Wheel Load FR [kgf],Avg_Alias Wheel Load FR [kgf],Min_Alias Wheel Load RL [kgf],Max_Alias Wheel Load RL [kgf],Avg_Alias Wheel Load RL [kgf],Min_Alias Wheel Load RR [kgf],Max_Alias Wheel Load RR [kgf],Avg_Alias Wheel Load RR [kgf],Min_Wheel Locked FL,Max_Wheel Locked FL,Avg_Wheel Locked FL,Min_Wheel Locked FR,Max_Wheel Locked FR,Avg_Wheel Locked FR,Min_Wheel Locked RL,Max_Wheel Locked RL,Avg_Wheel Locked RL,Min_Wheel Locked RR,Max_Wheel Locked RR,Avg_Wheel Locked RR,Min_Damper Vel FL [mm/s],Max_Damper Vel FL [mm/s],Avg_Damper Vel FL [mm/s],Min_Damper Vel FR [mm/s],Max_Damper Vel FR [mm/s],Avg_Damper Vel FR [mm/s],Min_Damper Vel RL [mm/s],Max_Damper Vel RL [mm/s],Avg_Damper Vel RL [mm/s],Min_Damper Vel RR [mm/s],Max_Damper Vel RR [mm/s],Avg_Damper Vel RR [mm/s],Min_Damper Vibration FL  [mm],Max_Damper Vibration FL  [mm],Avg_Damper Vibration FL  [mm],Min_Damper Vibration FR   [mm],Max_Damper Vibration FR   [mm],Avg_Damper Vibration FR   [mm],Min_Damper Vibration RL [mm],Max_Damper Vibration RL [mm],Avg_Damper Vibration RL [mm],Min_Damper Vibration RR [mm],Max_Damper Vibration RR [mm],Avg_Damper Vibration RR [mm],Max_Brake Bias Coefficient .R2,Min_Throttle Aggression [%],Max_Throttle Aggression [%],Avg_Throttle Aggression [%],Min_Brake G Force Long,Max_Brake G Force Long,Avg_Brake G Force Long,Min_G Force Lat [G],Max_G Force Lat [G],Avg_G Force Lat [G],Min_G Force Long [G],Max_G Force Long [G],Avg_G Force Long [G],Min_Brake Pressure Efficiency,Max_Brake Pressure Efficiency,Avg_Brake Pressure Efficiency,Min_Throttle Efficiency [%/G],Max_Throttle Efficiency [%/G],Avg_Throttle Efficiency [%/G],Avg_Brake Release Smoothness [MPa]
"0,00","0,00","0,0","0,0","0,0","4,3800","4,4300","4,4043","2,6900","2,8600","2,7792","65,300","65,300","65,300","69,600","69,600","69,600","19,0000","19,0000","19,0000","12,57","12,58","12,58","3154,0","3382,0","3267,0","0,0000","1,0100","0,9548","168,04","168,22","168,12","163,10","163,30","163,20","187,00","187,25","187,05","177,78","178,00","177,93","74,2200","75,2700","74,7755","75,2700",0,0,0,0,0,0,"0,000","0,000","0,000","0,0000","0,0000","0,0000","67,02","71,91","69,18","0,00","0,00","0,00","0,58000","0,66000","0,62505","0,25000","0,31000","0,27838","0,85","0,95","0,90","0,000","0,000","0,000","24,74","25,05","24,92",,"0,00",,"100,00","0,00","0,50","0,00","0,00","0,00","0,10","0,10","0,10",,,,,,,,,,,,,,,,"0,0000","0,0000","0,0000","0,00","0,00","0,00","-0,0545","8,0000","-0,0182","8,0000","0,4105","0,4283","0,7415","0,7653","0,5785","0,5900","0,00","0,00","0,00","0,00",-1,-1,-1,-1,-1,-1,-1,-1,-1,-1,-1,-1,"0,00","0,00","0,00","0,00","0,00","0,00","0,00","0,00","0,00","0,00","0,00","0,00","-2,1","1,3","0,0","-1,0","1,4","-0,0","-0,6","1,7","0,0","-1,6","1,3","-0,0","0,01","0,08","0,05","0,00","0,05","0,02","0,00","0,02","0,01","0,02","0,15","0,05","0,028837",,,,"-0,09","-0,09","-0,09","-0,03","-0,02","-0,03","0,09","0,10","0,09",,,,,,,
"0,00","0,00","0,0","0,0","0,0","4,3900","4,4300","4,4133","2,5800","2,9200","2,7694","65,300","65,300","65,300","69,500","69,600","69,562","19,0000","19,0000","19,0000","12,56","12,61","12,58","2939,0","3486,0","3207,5","0,0000","1,0300","0,9395","-0,41","0,25","0,03","-0,25","0,10","-0,03","-0,12","0,19","0,04","-0,16","0,19","0,05","74,2800","75,2100","74,7670","75,2100",0,0,0,0,0,0,"0,000","0,000","0,000","0,0000","0,0000","0,0000","66,36","77,61","69,87","-70,86","-70,86","-70,86","0,17000","0,82000","0,36409","0,05000","0,36000","0,17403","0,23","1,16","0,54","0,000","0,000","0,000","0,00","0,17","0,02","2,96","6,40",,"0,00","0,00","0,89","0,00","67,88","0,00","0,09","0,11","0,10",,,,,,,,,,,,,,,,"0,0000","0,0000","0,0000","0,00","0,00","0,00","0,3040","8,0000","0,1216","6,0000","-0,0390","0,0222","-0,0205","0,0140","-0,0190","0,0139","0,00","0,00","0,00","0,00",-1,-1,-1,-1,-1,-1,-1,-1,-1,-1,-1,-1,"0,00","0,00","0,00","0,00","0,00","0,00","0,00","0,00","0,00","0,00","0,00","0,00","-3,8","2,3","-0,1","-2,9","2,1","0,0","-1,9","1,3","-0,1","-1,9","2,0","-0,1","0,00","0,45","0,05","0,00","0,19","0,04","0,00","0,12","0,03","0,00","0,16","0,04","0,957533",,,,"-0,10","-0,09","-0,09","-0,03","-0,02","-0,03","0,09","0,10","0,10",,,,,,,
"385,17","385,17","25,3","65,1","42,0","4,3900","4,5700","4,4781","0,2100","3,3500","2,3110","78,100","80,300","79,000","69,900","70,700","70,171","15,9000","18,2000","17,2759","8,58","14,49","14,44","4229,0","8833,0","6194,6","0,0000","6,0800","0,9936","185,66","199,10","190,92","178,30","191,41","185,07","200,93","216,63","207,91","189,30","208,44","200,86","74,4200","75,6700","75,0229","75,6700",0,0,0,0,0,0,"24,500","66,400","41,982","25,0000","65,1000","41,2094","58,48","77,39","68,70","-3,92","0,00","-2,94","0,09000","2,35000","0,30160","0,04000","1,65000","0,19170","0,14","3,98","0,49","0,000","100,000","37,972","11,44","25,20","19,96","4,41","6,70",,"13,00","53,88","16,47","59,43","4,64","1,50","0,02","1,67","0,90","0,50","1,22","0,82","0,63","1,67","1,23","0,60","1,35","1,03","0,40","1,67","0,94","0,40","1,30","0,88","-0,1548","0,1350","0,0001","-0,33","0,19","-0,05","0,0009","26,0000","-0,0009","28,0000","-0,4062","1,5778","-0,3474","1,4951","-0,1818","1,3391","-3,29","0,00","28896,59","14213,53",-1,-1,-1,-1,-1,-1,-1,-1,-1,-1,-1,-1,"0,00","100,00","13,11","0,00","100,00","13,11","0,00","100,00","1,53","0,00","100,00","0,14","-80,1","72,9","0,1","-93,2","86,9","-0,1","-102,8","105,4","0,1","-93,8","73,8","-0,1","0,00","4,50","0,69","0,00","5,25","0,85","0,00","4,55","0,81","0,00","5,40","0,87","0,9424","25,17","839,17","120,45","-0,03","0,72","0,39","-1,63","1,31","-0,05","-0,75","0,74","0,16","-24,87","-16,41","-20,58","0,24","5,00","0,73","13,08"
"484,31","484,31","5,6","79,1","36,6","4,3900","4,5500","4,4711","0,2400","3,4000","2,4617","80,300","82,800","81,689","70,700","71,500","71,162","16,3000","18,3000","17,5932","14,39","14,52","14,47","2853,0","9197,0","5173,5","0,0000","8,6400","1,0934","186,17","197,29","191,24","178,64","191,81","185,60","200,75","216,10","208,12","185,73","207,84","201,49","74,4200","75,6700","75,0305","75,6700",0,0,0,0,0,0,"5,200","80,100","36,464","5,3000","79,3000","35,2262","57,87","79,69","68,68","-75,63","5,12","-36,90","0,06000","2,88000","0,32059","0,06000","1,94000","0,19905","0,16","4,82","0,52","0,000","100,000","26,456","10,38","25,20","23,26","5,00","6,65",,"19,38","78,66","24,96","63,97","31,66","1,71","0,00","1,65","0,49","0,51","1,24","0,89","0,70","1,65","1,16","0,61","1,44","0,98","0,40","1,65","0,84","0,41","1,50","0,86","-0,1666","0,1253","-0,0006","-0,12","0,16","-0,01","0,0042","42,0000","0,0006","30,0000","-0,2788","1,4360","-0,2332","1,6904","-0,2358","1,4155","-2,50","0,00","36336,71","20872,55",-1,-1,-1,-1,-1,-1,-1,-1,-1,-1,-1,-1,"0,00","100,00","19,20","0,00","100,00","19,20","0,00","100,00","2,30","0,00","100,00","0,50","-72,4","64,3","-0,1","-98,5","86,9","0,1","-84,3","62,2","-0,1","-81,4","99,8","0,1","0,00","3,24","0,46","0,00","4,98","0,52","0,00","4,22","0,52","0,00","5,68","0,55","0,928302","25,09","1302,86","202,15","-0,22","0,82","0,25","-1,64","1,28","-0,03","-0,85","0,83","0,10","-96,37","-13,78","-25,51","0,28","6,87","0,94","12,84"
"2,93","2,93","0,0","15,4","0,0","4,4500","4,5600","4,5092","1,9000","3,5000","2,6511","41,700","81,400","65,795","66,500","86,800","80,837","9,1000","14,3000","11,6582","12,85","13,69","13,40","2459,0","8993,0","3315,5","0,0000","7,9500","0,8891","-0,80","0,98","-0,00","-0,40","0,88","-0,00","-0,26","0,43","-0,00","-0,88","0,37","0,00","74,2200","75,6700","74,9206","75,6700",0,0,0,0,0,0,"0,000","16,200","0,018","0,0000","0,0000","0,0000",,,,,,,"0,12000","0,28000","0,19575","0,02000","0,21000","0,11367","0,19","0,44","0,31","0,000","47,800","0,608","0,00","0,25","0,02",,"6,43",,"0,00","0,00","225,99","0,00","93,79","0,00","0,01","0,38","0,07",,,,,,,,,,,,,,,,"0,0000","0,0000","0,0000","0,00","0,00","0,00","0,0000","22,0000","-0,0000","26,0000","-0,1280","0,0394","-0,0438","0,1008","-0,0250","0,0282","0,00","0,00","0,21","0,14",-1,-1,-1,-1,-1,-1,-1,-1,-1,-1,-1,-1,"0,00","0,00","0,00","0,00","0,00","0,00","0,00","0,00","0,00","0,00","0,00","0,00","-3,6","2,7","0,0","-3,4","2,7","-0,0","-2,5","2,3","-0,0","-2,5","2,6","0,0","0,00","0,27","0,03","0,00","0,33","0,03","0,00","0,22","0,02","0,00","0,26","0,02","0,0113379","30,18","306,05","152,64",,,,"-0,11","0,10","-0,01","-0,09","0,37","0,07",,,,"0,45","4,43","1,85",
"437,02","437,02","0,0","72,2","23,4","0,1100","4,5500","2,5104","0,0900","3,6600","1,8276","65,900","68,200","66,587","69,300","71,800","70,770","15,0000","17,7000","16,7660","13,45","14,52","14,13","0,0","8795,0","3655,4","0,0000","9,6100","1,2327","-7,79","4,74","0,23","-6,89","5,04","-0,30","-7,04","6,88","0,30","-6,43","6,06","0,52","74,3500","75,6000","74,9442","75,6000",0,0,0,0,0,0,"0,000","74,000","23,196","0,0000","72,4000","23,0785","60,00","76,92","66,45","-6,65","0,00","-5,28","0,10000","1,72000","0,27357","0,05000","0,95000","0,18747","0,17","2,65","0,46","0,000","100,000","17,669","-14,94","0,22","-1,23","3,33","6,56",,"0,00","73,75","31,27","65,50","38,31","1,47","0,00","1,27","0,38","0,51","0,77","0,65","0,71","1,23","1,06","0,60","1,27","0,89","0,40","1,27","0,73","0,40","1,07","0,63","-0,1706","0,1404","-0,0004","-0,11","0,29","0,02","0,0001","20,0000","0,0003","20,0000","-0,8176","0,8473","-0,8453","0,7380","-0,6555","0,6716","0,56","0,00","30,92","22,26",-1,-1,-1,-1,-1,-1,-1,-1,-1,-1,-1,-1,"0,00","100,00","10,11","0,00","100,00","10,11","0,00","100,00","0,84","0,00","100,00","0,93","-54,7","75,0","0,0","-64,9","68,9","0,0","-71,7","67,5","-0,0","-126,5","73,6","-0,0","0,00","4,73","0,32","0,00","3,86","0,37","0,00","4,23","0,38","0,00","5,70","0,34","0,959618","25,03","679,51","126,21","-0,12","0,74","0,12","-1,24","1,27","-0,07","-0,77","0,79","0,10","-38,96","-25,77","-29,62","0,33","7,20","0,89","6,08"
"572,20","572,20","1,8","53,8","26,9","4,3400","4,5000","4,4262","0,1800","3,6200","2,5099","70,900","74,600","72,689","74,400","82,800","79,569","12,5000","15,6000","14,2123","12,61","12,81","12,71","2548,0","8977,0","5273,7","0,0000","10,0000","1,2157","187,64","196,63","192,44","178,55","189,34","184,60","199,38","211,87","207,19","196,32","206,17","202,39","74,2200","75,5400","74,8486","75,5400",0,0,0,0,0,0,"0,000","54,700","26,683","0,0000","54,0000","26,0030","52,40","82,11","67,03","-75,93","1,60","-26,18","0,10000","2,55000","0,38989","0,04000","1,73000","0,21716","0,19","4,25","0,61","0,000","100,000","20,059","12,61","25,18","24,06","4,10","6,90",,"22,77","142,71","46,88","54,09","14,88","4,20","0,00","1,08","0,50","0,50","1,01","0,63",,,,"0,60","1,08","0,77","0,40","1,08","0,62","0,40","0,92","0,62","-0,0843","0,1408","0,0070","-0,00","0,54","0,13","0,0019","26,0000","0,0013","22,0000","0,0093","1,5124","-0,3950","1,1159","0,0281","1,0638","-0,41","0,00","42828,48","20453,83",-1,-1,-1,-1,-1,-1,-1,-1,-1,-1,-1,-1,"0,00","100,00","21,16","0,00","100,00","21,16","0,00","100,00","1,07","0,00","100,00","0,08","-46,0","46,3","0,0","-56,2","66,7","0,0","-62,2","59,2","-0,0","-49,6","49,6","0,0","0,00","2,43","0,36","0,00","2,81","0,38","0,00","4,75","0,39","0,00","2,46","0,33","0,944581","25,03","853,90","94,50","-0,36","0,65","0,26","-0,88","1,03","0,16","-0,68","0,81","0,09","-42,70","-12,13","-19,94","0,46","8,75","0,93","7,02"
"2,06","2,06","0,0","8,2","0,1","3,7600","4,5400","4,1693","0,1000","3,9400","1,5244","56,300","58,800","57,460","46,100","56,800","53,388","14,4000","16,5000","15,6156","12,95","13,38","13,14","0,0","9011,0","2085,9","0,0000","2,3000","0,7944","-0,32","0,35","0,00","-0,22","0,22","0,00","-0,23","0,18","-0,00","-0,25","0,22","0,00","74,2200","75,5400","74,8520","75,5400",0,0,0,0,0,0,"0,000","9,000","0,098","0,0000","0,0000","0,0000",,,,,,,"0,10000","0,23000","0,16733","0,05000","0,21000","0,12515","0,18","0,39","0,29","0,000","100,000","6,838","0,00","0,23","0,02",,"6,79",,"0,00","0,00","24,52","0,00","55,14","0,00","0,05","0,17","0,12",,,,,,,,,,,,,,,,"0,0000","0,0000","0,0000","0,00","0,00","0,00","-0,0001","22,0000","-0,0002","16,0000","-0,0220","0,0273","-0,0219","0,0233","-0,0139","0,0165","0,00","0,00","0,16","0,15",-1,-1,-1,-1,-1,-1,-1,-1,-1,-1,-1,-1,"0,00","0,00","0,00","0,00","0,00","0,00","0,00","0,00","0,00","0,00","0,00","0,00","-3,1","3,6","-0,0","-2,2","2,4","-0,0","-2,0","2,4","0,0","-3,0","2,1","-0,0","0,00","0,24","0,03","0,00","0,20","0,02","0,00","0,20","0,02","0,00","0,22","0,02","3,263E-05",,,,,,,"-0,06","0,08","-0,00","0,03","0,17","0,12",,,,,,,
"0,07","0,07","0,0","0,1","0,0","3,7700","3,9900","3,8766","0,1000","0,1100","0,1011","63,300","64,200","63,856","58,700","59,700","59,373","20,4000","20,5000","20,4696","13,04","13,15","13,12","0,0","0,0","0,0","0,0000","2,5500","2,3955","-1,81","3,37","0,04","-0,27","0,28","-0,00","-0,38","0,35","-0,00","-0,45","0,40","-0,00","74,4200","75,7300","75,0000","75,7300",0,0,0,0,0,0,"0,000","0,100","0,003","0,0000","0,1000","0,0014",,,,,,,"0,10000","0,24000","0,16806","0,06000","0,22000","0,13664","0,22","0,42","0,30","0,000","0,000","0,000","0,00","0,24","0,02",,"6,68",,"0,00","0,00","26,72","0,00","100,00","0,00","0,09","0,12","0,11",,,,,,,,,,,,,,,,"0,0000","0,0000","0,0000","0,00","0,00","0,00","0,0002","16,0000","0,0001","18,0000","-0,1550","0,2887","-0,0296","0,0246","-0,0771","0,1475","0,00","0,00","0,00","0,00",-1,-1,-1,-1,-1,-1,-1,-1,-1,-1,-1,-1,"0,00","0,00","0,00","0,00","0,00","0,00","0,00","0,00","0,00","0,00","0,00","0,00","-45,8","22,8","-0,0","-2,5","2,3","0,0","-2,0","2,1","0,0","-2,2","2,1","0,0","0,00","1,96","0,04","0,00","0,21","0,03","0,00","0,20","0,02","0,00","0,25","0,02","0,000335777",,,,,,,"-0,05","-0,04","-0,05","0,08","0,11","0,10",,,,,,,
"0,01","0,01","0,0","0,1","0,0","4,3600","4,4400","4,4063","2,2300","2,7900","2,5142","79,000","82,300","80,715","78,000","87,100","83,266","15,3000","15,6000","15,5336","12,35","12,81","12,57","2878,0","3772,0","3195,2","0,0000","1,2300","0,9335","-0,27","0,30","-0,00","-0,22","0,20","-0,00","-0,23","0,19","0,00","-0,19","0,19","0,00","74,2800","75,5400","74,8885","75,5400",0,0,0,0,0,0,"0,000","0,100","0,000","0,0000","0,0000","0,0000","58,70","76,60","68,14","-72,35","-72,35","-72,35","0,27000","1,05000","0,63567","0,12000","0,43000","0,29468","0,40","1,48","0,93","0,000","0,100","0,025","0,00","0,22","0,02","2,28","6,49",,"0,00","0,01","81,71","0,00","0,28","0,00","0,02","0,13","0,08",,,,,,,,,,,,,,,,"0,0000","0,0000","0,0000","0,00","0,00","0,00","0,0030","18,0000","0,0015","20,0000","-0,0218","0,0292","-0,0193","0,0218","-0,0168","0,0193","0,00","0,00","0,00","0,00",-1,-1,-1,-1,-1,-1,-1,-1,-1,-1,-1,-1,"0,00","0,00","0,00","0,00","0,00","0,00","0,00","0,00","0,00","0,00","0,00","0,00","-2,5","2,3","0,0","-2,2","2,3","0,0","-1,9","2,3","0,0","-2,7","2,1","-0,0","0,00","0,24","0,03","0,00","0,21","0,02","0,00","0,20","0,02","0,00","0,19","0,02","0,634076",,,,"-0,11","-0,02","-0,07","-0,07","0,00","-0,04","0,02","0,12","0,07",,,,,,,
"589,52","589,52","0,0","54,9","15,8","4,3500","4,4900","4,4212","0,3300","3,6100","2,5619","68,700","71,000","69,869","71,900","82,500","77,495","13,7000","17,7000","16,4456","12,72","12,88","12,79","2728,0","8694,0","4345,6","0,0000","9,3500","1,0012","-5,78","2,19","-0,82","-6,93","3,67","-0,27","-7,31","3,90","-0,41","-5,39","5,05","0,43","74,1500","75,6000","74,8649","75,6000",0,0,0,0,0,0,"0,000","55,600","15,571","0,0000","56,2000","15,1935","55,24","88,64","69,87","-74,39","78,33","18,65","0,10000","3,03000","0,51463","0,03000","2,00000","0,24075","0,16","5,03","0,76","0,000","100,000","12,352","-12,95","0,25","-0,76","4,86","6,84",,"0,00","186,03","102,96","56,78","12,29","4,31","0,02","1,09","0,32","0,50","0,81","0,58",,,,"0,60","1,09","0,78","0,40","1,09","0,64","0,40","0,96","0,62","-0,0927","0,1479","0,0065","0,00","0,88","0,19","0,0026","62,0000","0,0023","72,0000","-0,7353","0,7179","-0,7767","0,5569","-0,5826","0,4387","-0,55","0,00","41,10","11,99",-1,-1,-1,-1,-1,-1,-1,-1,-1,-1,-1,-1,"0,00","100,00","14,65","0,00","100,00","14,65","0,00","100,00","1,31","0,00","100,00","1,02","-65,0","41,8","-0,0","-50,9","60,8","0,0","-57,2","54,6","-0,0","-61,2","50,3","-0,0","0,00","2,61","0,23","0,00","2,92","0,22","0,00","3,19","0,25","0,00","3,07","0,19","0,894559","25,01","794,14","105,21","-0,24","0,63","0,03","-0,93","1,05","0,08","-0,66","0,70","0,08","-24,75","-12,52","-18,49","0,46","7,31","0,94","11,54"
"716,29","716,29","0,0","58,7","18,3","4,3100","4,5000","4,4129","1,3400","3,6300","2,7409","73,100","76,100","74,698","71,100","86,500","76,910","14,6000","19,1000","17,2493","12,15","12,81","12,55","1769,0","9023,0","4184,4","0,0000","10,0000","1,0707","-5,54","4,55","-0,69","-5,86","4,62","-0,23","-3,41","4,06","0,25","-3,48","3,97","0,39","74,0200","75,4700","74,7897","75,4700",0,0,0,0,0,0,"0,000","58,900","18,319","0,0000","61,0000","18,3223","63,74","83,87","73,39","-75,31","76,20","-12,58","0,10000","1,96000","0,26344","0,04000","0,98000","0,13980","0,18","2,93","0,40","0,000","100,000","8,263","-4,73","0,25","-0,10","2,65","6,49",,"0,00","27,50","56,77","20,75","47,20","0,21","0,00","0,84","0,19",,,,,,,"0,60","0,70","0,66","0,40","0,84","0,53","0,40","0,84","0,55","-0,0242","0,0540","0,0002","-0,02","0,05","0,01","0,0086","40,0000","0,0040","24,0000","-0,7607","0,8412","-0,5323","0,4991","-0,3881","0,3421","-0,09","0,00","48,16","21,70",-1,-1,-1,-1,-1,-1,-1,-1,-1,-1,-1,-1,"0,00","100,00","4,61","0,00","100,00","4,61","0,00","0,00","0,00","0,00","0,00","0,00","-65,2","60,8","0,0","-65,3","77,0","-0,0","-54,6","58,5","-0,0","-57,9","61,2","0,0","0,00","3,19","0,36","0,00","4,33","0,38","0,00","2,80","0,32","0,00","3,13","0,24","0,864182","25,03","1129,45","110,58","-0,21","0,22","-0,03","-0,69","0,70","0,00","-0,33","0,84","0,13",,,,"0,27","6,96","1,34","9,68"
"1923,72","1923,72","2,2","75,2","35,3","4,3700","4,6200","4,5067","0,1800","3,7000","2,7191","68,300","75,700","70,502","63,800","69,200","67,303","16,9000","21,9000","19,3281","13,16","14,49","13,86","1942,0","9163,0","5853,2","0,0000","8,3200","1,0819","186,19","199,49","192,05","178,15","192,09","185,12","201,06","216,61","208,65","189,08","209,18","201,94","74,4800","75,8000","75,1121","75,8000",0,0,0,0,0,0,"0,600","77,200","35,004","0,4000","74,8000","34,5963","57,36","83,13","68,70","-6,85","1,88","-1,67","0,11000","2,64000","0,32388","0,03000","1,95000","0,18464","0,20","4,59","0,51","0,000","100,000","28,219","11,51","25,24","22,45","4,00","6,33",,"16,16","358,23","100,62","59,26","21,92","1,46","0,00","1,43","0,62","0,51","1,04","0,75","0,63","1,43","1,04","0,60","1,34","0,90","0,40","1,43","0,77","0,40","1,32","0,78","-0,1543","0,1426","-0,0015","-0,58","0,24","-0,12","0,0001","94,0000","-0,0001","42,0000","-0,3238","1,5795","-0,2406","1,5624","-0,1562","1,2982","-0,20","0,00","144494,78","74154,70",-1,-1,-1,-1,-1,-1,-1,-1,-1,-1,-1,-1,"0,00","100,00","16,18","0,00","100,00","16,18","0,00","100,00","1,38","0,00","100,00","0,79","-75,5","110,9","0,0","-82,0","86,4","0,0","-104,3","94,1","-0,0","-100,5","89,1","-0,0","0,00","4,24","0,57","0,00","4,63","0,63","0,00","4,83","0,69","0,00","5,43","0,59","0,933722","25,00","927,67","121,57","-0,23","0,88","0,34","-1,41","1,37","-0,07","-0,92","0,84","0,11","-43,87","-14,79","-24,72","0,18","7,92","0,72","10,57"
"2146,68","2146,68","0,0","86,1","32,1","4,4200","4,6300","4,5515","0,2700","3,6000","2,6934","69,400","79,900","73,616","71,200","75,400","73,163","13,6000","16,4000","15,1399","14,28","14,52","14,42","1292,0","9288,0","5585,1","0,0000","9,9600","1,0711","-5,70","8,03","0,26","-7,30","8,46","-0,63","-7,39","7,38","-0,09","-11,11","11,75","0,40","74,2200","75,6700","74,8987","75,6700",0,0,0,0,0,0,"0,000","86,600","31,818","0,0000","87,7000","31,6480","59,50","81,82","68,34","-72,84","3,93","-10,89","0,10000","2,93000","0,40685","0,04000","1,87000","0,23046","0,20","4,79","0,64","0,000","100,000","23,769","-11,93","0,24","-1,86","4,38","6,55",,"0,00","542,82","154,80","52,35","12,00","3,84","0,00","1,36","0,54","0,50","1,11","0,70","0,62","1,19","0,97","0,60","1,36","0,83","0,40","1,36","0,68","0,40","1,30","0,70","-0,1363","0,1146","-0,0033","-1,00","0,14","-0,43","0,0018","46,0000","0,0007","40,0000","-0,9672","1,1802","-0,7816","0,8550","-0,6424","0,7542","-0,12","0,00","181,53","101,99",-1,-1,-1,-1,-1,-1,-1,-1,-1,-1,-1,-1,"0,00","100,00","23,83","0,00","100,00","23,83","0,00","100,00","1,73","0,00","100,00","1,09","-88,0","110,7","0,0","-126,4","118,1","0,0","-134,3","140,9","0,0","-140,9","169,5","-0,0","0,00","6,15","0,51","0,00","6,39","0,57","0,00","7,59","0,62","0,00","7,90","0,57","0,94468","25,04","1140,96","128,66","-0,30","0,71","0,25","-1,35","1,19","-0,08","-0,74","0,85","0,09","-40,77","-12,09","-21,18","0,26","6,34","0,88","11,08"
"889,73","889,73","0,0","72,6","11,5","4,3100","4,4900","4,4167","0,5400","3,6700","2,7405","65,300","69,600","67,737","68,300","86,400","75,782","13,7000","19,0000","17,6293","12,03","12,81","12,66","2258,0","9148,0","3749,1","0,0000","8,7400","1,0008","-4,30","5,79","0,74","-8,84","3,62","-0,89","-6,22","3,91","-0,40","-1,47","6,76","1,10","74,1500","75,5400","74,8314","75,5400",0,0,0,0,0,0,"0,000","74,200","11,421","0,0000","73,7000","11,3292","56,16","82,11","66,99","-72,57","69,44","1,36","0,12000","3,35000","0,56522","0,03000","2,15000","0,28728","0,21","5,48","0,85","0,000","100,000","4,525","-9,68","0,24","-0,21","4,16","6,76",,"0,00","127,54","239,07","42,43","26,74","0,57","0,00","0,97","0,15","0,51","0,57","0,55",,,,"0,60","0,97","0,76","0,40","0,97","0,57","0,40","0,90","0,57","-0,0815","0,1105","0,0010","-0,00","0,32","0,05","0,0009","82,0000","0,0004","54,0000","-0,6648","1,0349","-0,7708","0,1119","-0,4915","0,3603","0,09","0,00","65,63","15,11",-1,-1,-1,-1,-1,-1,-1,-1,-1,-1,-1,-1,"0,00","100,00","6,69","0,00","100,00","6,69","0,00","100,00","0,09","0,00","100,00","0,05","-62,8","71,3","0,0","-87,5","90,2","-0,0","-79,8","96,9","-0,0","-73,9","65,0","0,0","0,00","2,98","0,21","0,00","5,01","0,21","0,00","4,36","0,17","0,00","3,50","0,15","0,955555","25,01","1044,79","108,34","-0,30","0,54","-0,07","-0,63","0,90","-0,00","-0,55","0,74","0,09","-18,87","-14,34","-15,69","0,19","4,25","1,13","17,39"
"2457,80","2457,80","0,0","89,7","26,3","4,3700","4,6200","4,5119","0,1800","3,8600","2,6879","60,800","78,100","68,425","69,000","82,400","74,990","14,4000","18,3000","16,0581","13,57","14,52","14,33","1337,0","9757,0","5102,7","0,0000","9,7700","1,0313","-6,26","6,48","-0,14","-7,57","7,08","-0,39","-8,70","7,27","-0,25","-11,87","9,73","-0,49","74,2800","75,6700","74,9802","75,6700",0,0,0,0,0,0,"0,000","92,000","26,090","0,0000","90,0000","25,2497","59,37","80,21","67,92","-66,50","3,34","-5,84","0,07000","2,72000","0,25312","0,03000","1,74000","0,17128","0,18","4,45","0,42","0,000","100,000","24,354","-14,72","0,24","-2,04","4,32","6,71",,"0,00","426,84","144,04","64,59","45,13","1,15","0,01","1,61","0,50","0,50","1,22","0,77","0,60","1,61","1,15","0,60","1,44","0,95","0,40","1,61","0,85","0,40","1,48","0,80","-0,1682","0,1506","-0,0022","-0,88","0,26","-0,21","0,0001","46,0000","0,0000","40,0000","-0,9001","1,1113","-0,9241","1,0656","-0,8066","0,9619","-1,18","0,00","191,57","54,01",-1,-1,-1,-1,-1,-1,-1,-1,-1,-1,-1,-1,"0,00","100,00","9,45","0,00","100,00","9,45","0,00","100,00","1,38","0,00","100,00","0,73","-92,8","123,0","0,0","-131,6","103,8","-0,0","-138,6","145,3","0,0","-126,7","159,9","-0,0","0,00","6,31","0,40","0,00","5,57","0,44","0,00","7,27","0,45","0,00","7,01","0,45","0,93757","25,02","1428,57","161,14","-0,19","0,88","0,39","-1,50","1,61","-0,07","-0,92","0,83","0,12","-45,77","-15,73","-26,29","0,15","8,85","0,70","11,46"
"4142,72","4142,72","0,0","84,0","43,1","4,0200","4,6100","4,5023","0,1300","3,7000","2,5240","68,800","89,300","78,844","72,600","85,700","75,058","17,5000","20,9000","19,8296","13,68","14,55","14,45","0,0","9277,0","6400,2","0,0000","10,0000","1,1191","-7,08","7,22","-0,77","-6,81","6,47","-0,71","-7,69","10,35","1,11","-12,28","11,49","0,78","74,3500","75,7300","74,9765","75,7300",0,0,0,0,0,0,"0,000","86,200","42,792","0,0000","83,8000","42,3770","55,76","84,00","66,96","-8,48","4,33","-1,21","0,09000","3,93000","0,38308","0,03000","3,11000","0,23997","0,15","7,03","0,62","0,000","100,000","39,403","-16,39","0,22","-3,65","5,53","6,86",,"0,00","870,00","217,15","71,97","3,76","8,88","0,00","1,65","0,79","0,50","1,49","0,86","0,62","1,65","1,12","0,60","1,52","0,98","0,40","1,65","0,89","0,40","1,65","0,86","-0,1874","0,1439","-0,0048","-1,88","0,27","-0,89","0,0038","72,0000","0,0016","72,0000","-1,0015","1,0201","-0,9578","1,0844","-0,8387","0,8398","-2,26","0,00","334,31","185,89",-1,-1,-1,-1,-1,-1,-1,-1,-1,-1,-1,-1,"0,00","100,00","19,45","0,00","100,00","19,45","0,00","100,00","3,24","0,00","100,00","1,33","-92,3","107,3","0,0","-104,0","113,4","0,0","-138,6","124,4","-0,0","-149,1","154,3","-0,0","0,00","5,92","0,55","0,00","5,57","0,70","0,00","6,25","0,85","0,00","8,46","0,77","0,945712","25,01","1277,14","155,69","-0,38","0,99","0,36","-1,60","1,55","-0,09","-1,05","0,89","0,12","-57,70","-7,47","-25,00","0,20","8,32","0,70","11,03"
"3688,57","3688,57","0,0","82,0","30,8","4,3400","4,6000","4,5185","0,1100","3,7900","2,6453","63,500","84,300","71,812","59,400","75,700","71,208","18,6000","20,5000","19,7683","14,38","14,56","14,47","1994,0","9383,0","5442,1","0,0000","10,2200","1,0596","-5,75","6,38","-0,10","-6,88","7,20","-0,14","-8,95","8,71","-0,10","-15,16","7,99","-0,59","74,3500","75,8000","75,1080","75,8000",0,0,0,0,0,0,"0,000","82,400","30,584","0,0000","81,6000","30,4420","56,03","85,42","67,72","-72,47","4,96","-6,08","0,08000","3,52000","0,32592","0,03000","2,70000","0,20277","0,17","6,18","0,53","0,000","100,000","27,655","-15,63","0,24","-2,79","4,82","6,31",,"0,00","772,54","229,56","68,47","29,44","2,73","0,00","1,67","0,61","0,50","1,39","0,83","0,62","1,67","1,14","0,60","1,50","0,99","0,40","1,67","0,89","0,40","1,57","0,86","-0,1783","0,1452","-0,0037","-1,72","0,00","-0,68","0,0008","44,0000","0,0002","40,0000","-0,9115","1,0014","-1,0139","1,1375","-0,8541","0,8792","-1,74","0,00","282,89","97,47",-1,-1,-1,-1,-1,-1,-1,-1,-1,-1,-1,-1,"0,00","100,00","14,45","0,00","100,00","14,45","0,00","100,00","1,74","0,00","100,00","1,10","-98,8","103,0","-0,0","-128,9","124,3","0,0","-147,8","104,1","-0,0","-113,3","121,1","-0,0","0,00","4,42","0,44","0,00","5,61","0,51","0,00","5,75","0,60","0,00","6,40","0,54","0,93565","25,01","1382,99","141,52","-0,31","1,01","0,29","-1,65","1,59","-0,08","-1,07","0,98","0,12","-103,55","-8,94","-24,20","0,23","8,93","0,73","10,96"
"8,56","8,56","0,0","9,2","0,1","4,3900","4,4800","4,4454","2,4500","3,2800","2,7929","38,000","67,300","51,795","39,800","86,600","70,819","14,5000","15,8000","14,9075","12,16","13,13","12,88","2557,0","6476,0","3045,7","0,0000","1,4600","0,9101","-2,97","1,52","-0,01","-4,75","1,00","-0,01","-9,98","18,94","-0,01","-6,83","21,97","-0,03","74,0900","75,5400","74,7954","75,5400",0,0,0,0,0,0,"0,000","9,200","0,070","0,0000","0,8000","0,0016",,,,,,,"0,12000","0,27000","0,19562","0,02000","0,20000","0,11192","0,17","0,43","0,31","0,000","21,000","0,024","0,00","0,25","0,03",,"6,50",,"0,00","0,00","135,70","0,00","99,86","0,00","0,02","0,16","0,08",,,,,,,,,,,,,,,,"0,0000","0,0000","0,0000","0,00","0,00","0,00","-0,0000","22,0000","0,0000","24,0000","-0,1067","0,4304","-0,3794","0,2924","-0,1582","0,1906","0,00","0,00","0,59","0,27",-1,-1,-1,-1,-1,-1,-1,-1,-1,-1,-1,-1,"0,00","0,00","0,00","0,00","0,00","0,00","0,00","0,00","0,00","0,00","0,00","0,00","-15,0","11,8","0,0","-7,3","9,4","0,0","-29,9","11,8","-0,0","-22,3","8,3","-0,0","0,00","0,93","0,04","0,00","0,43","0,04","0,00","1,12","0,03","0,00","0,67","0,03","0,000298366",,,,,,,"-0,08","0,02","-0,02","0,00","0,16","0,08",,,,,,,
